P1000,2878,Gain Muscle,05/03/2026
P1001,3295,Gain Muscle,05/03/2026
P1002,1405,Lose Weight,05/03/2026
P1003,2108,Lose Weight,05/03/2026
P1004,1609,Maintain,05/03/2026
P1005,2956,Maintain,05/03/2026
P1000,2445,Gain Muscle,05/04/2026
P1001,3393,Gain Muscle,05/04/2026
P1002,1082,Lose Weight,05/04/2026
P1003,2456,Lose Weight,05/04/2026
P1004,1745,Maintain,05/04/2026
P1005,2690,Maintain,05/04/2026
P1000,2700,Gain Muscle,05/05/2026
P1001,3000,Gain Muscle,05/05/2026
P1002,1450,Lose Weight,05/05/2026
P1003,2050,Lose Weight,05/05/2026
P1004,1580,Maintain,05/05/2026
P1005,2800,Maintain,05/05/2026
P1000,2750,Gain Muscle,05/06/2026
P1001,3100,Gain Muscle,05/06/2026
P1002,1500,Lose Weight,05/06/2026
P1003,1900,Lose Weight,05/06/2026
P1004,1650,Maintain,05/06/2026
P1005,2750,Maintain,05/06/2026
P1000,3050,Gain Muscle,05/07/2026
P1001,2950,Gain Muscle,05/07/2026
P1002,1400,Lose Weight,05/07/2026
P1003,2200,Lose Weight,05/07/2026
P1004,1680,Maintain,05/07/2026
P1005,2770,Maintain,05/07/2026